url,performance,accessibility,best-practices,seo
https://hamilton-exteriors-production.up.railway.app,96,96,100,100
https://hamilton-exteriors-production.up.railway.app/blog,100,100,100,100
https://hamilton-exteriors-production.up.railway.app/blog/7-warning-signs-you-need-a-new-roof-before-it-is-too-late,96,97,100,100
https://hamilton-exteriors-production.up.railway.app/blog/adu-cost-bay-area-2026,88,97,100,100
https://hamilton-exteriors-production.up.railway.app/adu,92,97,100,100
https://hamilton-exteriors-production.up.railway.app/additions,94,97,100,100
https://hamilton-exteriors-production.up.railway.app/blog/bay-area-fire-zone-roofing-requirements,88,97,100,100
https://hamilton-exteriors-production.up.railway.app/blog/how-long-does-a-roof-replacement-take-bay-area-timeline,96,97,100,100
https://hamilton-exteriors-production.up.railway.app/blog/how-much-does-a-roof-replacement-cost-in-the-bay-area-in-2026,91,97,100,100
https://hamilton-exteriors-production.up.railway.app/blog/how-to-choose-roofing-contractor-bay-area,96,97,100,100
https://hamilton-exteriors-production.up.railway.app/blog/james-hardie-siding-bay-area,97,97,100,100
https://hamilton-exteriors-production.up.railway.app/blog/metal-roof-vs-asphalt-shingles-bay-area,86,97,100,100
https://hamilton-exteriors-production.up.railway.app/blog/roof-maintenance-checklist-bay-area,95,97,100,100
https://hamilton-exteriors-production.up.railway.app/blog/second-story-addition-cost-bay-area,89,97,100,100
https://hamilton-exteriors-production.up.railway.app/buy,0,0,0,0
https://hamilton-exteriors-production.up.railway.app/blog/what-does-roofing-warranty-cover,87,97,100,100
https://hamilton-exteriors-production.up.railway.app/roofing,93,97,100,100
https://hamilton-exteriors-production.up.railway.app/blog/when-is-the-best-time-to-replace-your-roof-in-the-bay-area,97,97,100,100
https://hamilton-exteriors-production.up.railway.app/blog/window-replacement-cost-bay-area-2026,97,97,100,100
https://hamilton-exteriors-production.up.railway.app/custom-homes,89,97,100,100
https://hamilton-exteriors-production.up.railway.app/service-areas,98,100,100,100
https://hamilton-exteriors-production.up.railway.app/service-areas/alameda-county-ca,97,100,100,100
https://hamilton-exteriors-production.up.railway.app/service-areas/alameda-county-ca/additions,95,96,100,100
https://hamilton-exteriors-production.up.railway.app/service-areas/alameda-county-ca/adu,94,96,100,100
https://hamilton-exteriors-production.up.railway.app/service-areas/alameda-county-ca/berkeley-ca,97,100,100,100
https://hamilton-exteriors-production.up.railway.app/service-areas/alameda-county-ca/berkeley-ca/additions,93,96,100,100
https://hamilton-exteriors-production.up.railway.app/service-areas/alameda-county-ca/berkeley-ca/adu,93,96,100,100
https://hamilton-exteriors-production.up.railway.app/service-areas/alameda-county-ca/berkeley-ca/custom-homes,91,96,100,100
https://hamilton-exteriors-production.up.railway.app/service-areas/alameda-county-ca/berkeley-ca/roofing,91,96,100,100
https://hamilton-exteriors-production.up.railway.app/service-areas/alameda-county-ca/berkeley-ca/siding,91,96,100,100
https://hamilton-exteriors-production.up.railway.app/service-areas/alameda-county-ca/berkeley-ca/windows,92,96,100,100
https://hamilton-exteriors-production.up.railway.app/service-areas/alameda-county-ca/custom-homes,92,96,100,100
https://hamilton-exteriors-production.up.railway.app/service-areas/alameda-county-ca/fremont-ca,98,100,100,100
https://hamilton-exteriors-production.up.railway.app/service-areas/alameda-county-ca/fremont-ca/additions,92,96,100,100
https://hamilton-exteriors-production.up.railway.app/service-areas/alameda-county-ca/fremont-ca/adu,91,96,100,100
https://hamilton-exteriors-production.up.railway.app/service-areas/alameda-county-ca/fremont-ca/custom-homes,91,96,100,100
https://hamilton-exteriors-production.up.railway.app/service-areas/alameda-county-ca/fremont-ca/roofing,94,96,100,100
https://hamilton-exteriors-production.up.railway.app/service-areas/alameda-county-ca/fremont-ca/siding,91,96,100,100
https://hamilton-exteriors-production.up.railway.app/service-areas/alameda-county-ca/hayward-ca,98,100,100,100
https://hamilton-exteriors-production.up.railway.app/service-areas/alameda-county-ca/fremont-ca/windows,91,96,100,100
https://hamilton-exteriors-production.up.railway.app/service-areas/alameda-county-ca/hayward-ca/additions,91,96,100,100
https://hamilton-exteriors-production.up.railway.app/service-areas/alameda-county-ca/hayward-ca/custom-homes,94,96,100,100
https://hamilton-exteriors-production.up.railway.app/service-areas/alameda-county-ca/hayward-ca/adu,92,96,100,100
https://hamilton-exteriors-production.up.railway.app/service-areas/alameda-county-ca/hayward-ca/roofing,92,96,100,100
https://hamilton-exteriors-production.up.railway.app/service-areas/alameda-county-ca/hayward-ca/siding,91,96,100,100
https://hamilton-exteriors-production.up.railway.app/service-areas/alameda-county-ca/oakland-ca,96,100,100,100
https://hamilton-exteriors-production.up.railway.app/service-areas/alameda-county-ca/hayward-ca/windows,92,96,100,100
https://hamilton-exteriors-production.up.railway.app/service-areas/alameda-county-ca/oakland-ca/additions,91,96,100,100
https://hamilton-exteriors-production.up.railway.app/service-areas/alameda-county-ca/oakland-ca/adu,91,96,100,100
https://hamilton-exteriors-production.up.railway.app/service-areas/alameda-county-ca/oakland-ca/roofing,91,96,100,100
https://hamilton-exteriors-production.up.railway.app/service-areas/alameda-county-ca/oakland-ca/custom-homes,91,96,100,100
https://hamilton-exteriors-production.up.railway.app/service-areas/alameda-county-ca/oakland-ca/siding,91,96,100,100
https://hamilton-exteriors-production.up.railway.app/service-areas/alameda-county-ca/oakland-ca/windows,90,96,100,100
https://hamilton-exteriors-production.up.railway.app/service-areas/alameda-county-ca/roofing,91,96,100,100
https://hamilton-exteriors-production.up.railway.app/service-areas/alameda-county-ca/san-leandro-ca,97,100,100,100
https://hamilton-exteriors-production.up.railway.app/service-areas/alameda-county-ca/san-leandro-ca/additions,92,96,100,100
https://hamilton-exteriors-production.up.railway.app/service-areas/alameda-county-ca/san-leandro-ca/adu,91,96,100,100
https://hamilton-exteriors-production.up.railway.app/service-areas/alameda-county-ca/san-leandro-ca/custom-homes,91,96,100,100
https://hamilton-exteriors-production.up.railway.app/service-areas/alameda-county-ca/san-leandro-ca/roofing,91,96,100,100
https://hamilton-exteriors-production.up.railway.app/service-areas/alameda-county-ca/san-leandro-ca/siding,91,96,100,100
https://hamilton-exteriors-production.up.railway.app/service-areas/alameda-county-ca/san-leandro-ca/windows,92,96,100,100
https://hamilton-exteriors-production.up.railway.app/service-areas/alameda-county-ca/siding,91,96,100,100
https://hamilton-exteriors-production.up.railway.app/service-areas/alameda-county-ca/windows,91,96,100,100
https://hamilton-exteriors-production.up.railway.app/service-areas/contra-costa-county-ca,96,100,100,100
https://hamilton-exteriors-production.up.railway.app/service-areas/contra-costa-county-ca/additions,94,96,100,100
https://hamilton-exteriors-production.up.railway.app/service-areas/contra-costa-county-ca/adu,93,96,100,100
https://hamilton-exteriors-production.up.railway.app/service-areas/contra-costa-county-ca/antioch-ca,98,100,100,100
https://hamilton-exteriors-production.up.railway.app/service-areas/contra-costa-county-ca/antioch-ca/additions,91,96,100,100
https://hamilton-exteriors-production.up.railway.app/service-areas/contra-costa-county-ca/antioch-ca/adu,91,96,100,100
https://hamilton-exteriors-production.up.railway.app/service-areas/contra-costa-county-ca/antioch-ca/custom-homes,91,96,100,100
https://hamilton-exteriors-production.up.railway.app/service-areas/contra-costa-county-ca/antioch-ca/roofing,92,96,100,100
https://hamilton-exteriors-production.up.railway.app/service-areas/contra-costa-county-ca/antioch-ca/siding,91,96,100,100
https://hamilton-exteriors-production.up.railway.app/service-areas/contra-costa-county-ca/antioch-ca/windows,91,96,100,100
https://hamilton-exteriors-production.up.railway.app/service-areas/contra-costa-county-ca/concord-ca,96,100,100,100
https://hamilton-exteriors-production.up.railway.app/service-areas/contra-costa-county-ca/concord-ca/additions,91,96,100,100
https://hamilton-exteriors-production.up.railway.app/service-areas/contra-costa-county-ca/concord-ca/adu,91,96,100,100
https://hamilton-exteriors-production.up.railway.app/service-areas/contra-costa-county-ca/concord-ca/custom-homes,91,96,100,100
https://hamilton-exteriors-production.up.railway.app/service-areas/contra-costa-county-ca/concord-ca/roofing,90,96,100,100
https://hamilton-exteriors-production.up.railway.app/service-areas/contra-costa-county-ca/concord-ca/siding,91,96,100,100
https://hamilton-exteriors-production.up.railway.app/service-areas/contra-costa-county-ca/concord-ca/windows,91,96,100,100
https://hamilton-exteriors-production.up.railway.app/service-areas/contra-costa-county-ca/custom-homes,91,96,100,100
https://hamilton-exteriors-production.up.railway.app/service-areas/contra-costa-county-ca/richmond-ca,97,100,100,100
https://hamilton-exteriors-production.up.railway.app/service-areas/contra-costa-county-ca/richmond-ca/additions,97,96,100,100
https://hamilton-exteriors-production.up.railway.app/service-areas/contra-costa-county-ca/richmond-ca/adu,90,96,100,100
https://hamilton-exteriors-production.up.railway.app/service-areas/contra-costa-county-ca/richmond-ca/custom-homes,91,96,100,100
https://hamilton-exteriors-production.up.railway.app/service-areas/contra-costa-county-ca/richmond-ca/roofing,94,96,100,100
https://hamilton-exteriors-production.up.railway.app/service-areas/contra-costa-county-ca/richmond-ca/siding,91,96,100,100
https://hamilton-exteriors-production.up.railway.app/service-areas/contra-costa-county-ca/richmond-ca/windows,89,96,100,100
https://hamilton-exteriors-production.up.railway.app/service-areas/contra-costa-county-ca/roofing,92,96,100,100
https://hamilton-exteriors-production.up.railway.app/service-areas/contra-costa-county-ca/san-ramon-ca,96,100,100,100
https://hamilton-exteriors-production.up.railway.app/service-areas/contra-costa-county-ca/san-ramon-ca/additions,93,96,100,100
https://hamilton-exteriors-production.up.railway.app/service-areas/contra-costa-county-ca/san-ramon-ca/adu,91,96,100,100
https://hamilton-exteriors-production.up.railway.app/service-areas/contra-costa-county-ca/san-ramon-ca/custom-homes,92,96,100,100
https://hamilton-exteriors-production.up.railway.app/service-areas/contra-costa-county-ca/san-ramon-ca/roofing,93,96,100,100
https://hamilton-exteriors-production.up.railway.app/service-areas/contra-costa-county-ca/san-ramon-ca/siding,93,96,100,100
https://hamilton-exteriors-production.up.railway.app/service-areas/contra-costa-county-ca/siding,91,96,100,100
https://hamilton-exteriors-production.up.railway.app/service-areas/contra-costa-county-ca/san-ramon-ca/windows,91,96,100,100
https://hamilton-exteriors-production.up.railway.app/service-areas/contra-costa-county-ca/walnut-creek-ca,98,100,100,100
https://hamilton-exteriors-production.up.railway.app/service-areas/contra-costa-county-ca/walnut-creek-ca/additions,92,96,100,100
https://hamilton-exteriors-production.up.railway.app/service-areas/contra-costa-county-ca/walnut-creek-ca/adu,90,96,100,100
https://hamilton-exteriors-production.up.railway.app/service-areas/contra-costa-county-ca/walnut-creek-ca/custom-homes,91,96,100,100
https://hamilton-exteriors-production.up.railway.app/service-areas/contra-costa-county-ca/walnut-creek-ca/roofing,91,96,100,100
https://hamilton-exteriors-production.up.railway.app/service-areas/contra-costa-county-ca/walnut-creek-ca/siding,92,96,100,100
https://hamilton-exteriors-production.up.railway.app/service-areas/contra-costa-county-ca/walnut-creek-ca/windows,91,96,100,100
https://hamilton-exteriors-production.up.railway.app/service-areas/contra-costa-county-ca/windows,93,96,100,100
https://hamilton-exteriors-production.up.railway.app/service-areas/marin-county-ca,96,100,100,100
https://hamilton-exteriors-production.up.railway.app/service-areas/marin-county-ca/additions,94,96,100,100
https://hamilton-exteriors-production.up.railway.app/service-areas/marin-county-ca/custom-homes,94,96,100,100
https://hamilton-exteriors-production.up.railway.app/service-areas/marin-county-ca/adu,91,96,100,100
https://hamilton-exteriors-production.up.railway.app/service-areas/marin-county-ca/larkspur-ca,96,100,100,100
https://hamilton-exteriors-production.up.railway.app/service-areas/marin-county-ca/larkspur-ca/additions,90,96,100,100
https://hamilton-exteriors-production.up.railway.app/service-areas/marin-county-ca/larkspur-ca/adu,91,96,100,100
https://hamilton-exteriors-production.up.railway.app/service-areas/marin-county-ca/larkspur-ca/custom-homes,91,96,100,100
https://hamilton-exteriors-production.up.railway.app/service-areas/marin-county-ca/larkspur-ca/roofing,91,96,100,100
https://hamilton-exteriors-production.up.railway.app/service-areas/marin-county-ca/larkspur-ca/siding,91,96,100,100
https://hamilton-exteriors-production.up.railway.app/service-areas/marin-county-ca/mill-valley-ca,96,100,100,100
https://hamilton-exteriors-production.up.railway.app/service-areas/marin-county-ca/larkspur-ca/windows,91,96,100,100
https://hamilton-exteriors-production.up.railway.app/service-areas/marin-county-ca/mill-valley-ca/additions,94,96,100,100
https://hamilton-exteriors-production.up.railway.app/service-areas/marin-county-ca/mill-valley-ca/adu,93,96,100,100
https://hamilton-exteriors-production.up.railway.app/service-areas/marin-county-ca/mill-valley-ca/roofing,93,96,100,100
https://hamilton-exteriors-production.up.railway.app/service-areas/marin-county-ca/mill-valley-ca/custom-homes,91,96,100,100
https://hamilton-exteriors-production.up.railway.app/service-areas/marin-county-ca/mill-valley-ca/siding,90,96,100,100
https://hamilton-exteriors-production.up.railway.app/service-areas/marin-county-ca/mill-valley-ca/windows,90,96,100,100
https://hamilton-exteriors-production.up.railway.app/service-areas/marin-county-ca/novato-ca,96,100,100,100
https://hamilton-exteriors-production.up.railway.app/service-areas/marin-county-ca/novato-ca/additions,91,96,100,100
https://hamilton-exteriors-production.up.railway.app/service-areas/marin-county-ca/novato-ca/adu,91,96,100,100
https://hamilton-exteriors-production.up.railway.app/service-areas/marin-county-ca/novato-ca/custom-homes,89,96,100,100
https://hamilton-exteriors-production.up.railway.app/service-areas/marin-county-ca/novato-ca/roofing,90,96,100,100
https://hamilton-exteriors-production.up.railway.app/service-areas/marin-county-ca/novato-ca/siding,91,96,100,100
https://hamilton-exteriors-production.up.railway.app/service-areas/marin-county-ca/novato-ca/windows,91,96,100,100
https://hamilton-exteriors-production.up.railway.app/service-areas/marin-county-ca/roofing,91,96,100,100
https://hamilton-exteriors-production.up.railway.app/service-areas/marin-county-ca/san-rafael-ca,98,100,100,100
https://hamilton-exteriors-production.up.railway.app/service-areas/marin-county-ca/san-rafael-ca/additions,91,96,100,100
https://hamilton-exteriors-production.up.railway.app/service-areas/marin-county-ca/san-rafael-ca/adu,93,96,100,100
https://hamilton-exteriors-production.up.railway.app/service-areas/marin-county-ca/san-rafael-ca/custom-homes,91,96,100,100
https://hamilton-exteriors-production.up.railway.app/service-areas/marin-county-ca/san-rafael-ca/roofing,91,96,100,100
https://hamilton-exteriors-production.up.railway.app/service-areas/marin-county-ca/san-rafael-ca/siding,92,96,100,100
https://hamilton-exteriors-production.up.railway.app/service-areas/marin-county-ca/san-rafael-ca/windows,91,96,100,100
https://hamilton-exteriors-production.up.railway.app/service-areas/marin-county-ca/siding,92,96,100,100
https://hamilton-exteriors-production.up.railway.app/service-areas/marin-county-ca/windows,91,96,100,100
https://hamilton-exteriors-production.up.railway.app/service-areas/napa-county-ca,99,100,100,100
https://hamilton-exteriors-production.up.railway.app/service-areas/napa-county-ca/additions,91,96,100,100
https://hamilton-exteriors-production.up.railway.app/service-areas/napa-county-ca/adu,91,96,100,100
https://hamilton-exteriors-production.up.railway.app/service-areas/napa-county-ca/american-canyon-ca/additions,94,96,100,100
https://hamilton-exteriors-production.up.railway.app/service-areas/napa-county-ca/american-canyon-ca,98,100,100,100
https://hamilton-exteriors-production.up.railway.app/service-areas/napa-county-ca/american-canyon-ca/adu,94,96,100,100
https://hamilton-exteriors-production.up.railway.app/service-areas/napa-county-ca/american-canyon-ca/custom-homes,90,96,100,100
https://hamilton-exteriors-production.up.railway.app/service-areas/napa-county-ca/american-canyon-ca/roofing,91,96,100,100
https://hamilton-exteriors-production.up.railway.app/service-areas/napa-county-ca/american-canyon-ca/siding,92,96,100,100
https://hamilton-exteriors-production.up.railway.app/service-areas/napa-county-ca/american-canyon-ca/windows,91,96,100,100
https://hamilton-exteriors-production.up.railway.app/service-areas/napa-county-ca/calistoga-ca,96,100,100,100
https://hamilton-exteriors-production.up.railway.app/service-areas/napa-county-ca/calistoga-ca/additions,90,96,100,100
https://hamilton-exteriors-production.up.railway.app/service-areas/napa-county-ca/calistoga-ca/adu,88,96,100,100
https://hamilton-exteriors-production.up.railway.app/service-areas/napa-county-ca/calistoga-ca/custom-homes,94,96,100,100
https://hamilton-exteriors-production.up.railway.app/service-areas/napa-county-ca/calistoga-ca/roofing,94,96,100,100
https://hamilton-exteriors-production.up.railway.app/service-areas/napa-county-ca/calistoga-ca/siding,91,96,100,100
https://hamilton-exteriors-production.up.railway.app/service-areas/napa-county-ca/calistoga-ca/windows,91,96,100,100
https://hamilton-exteriors-production.up.railway.app/service-areas/napa-county-ca/custom-homes,92,96,100,100
https://hamilton-exteriors-production.up.railway.app/service-areas/napa-county-ca/napa-ca,97,100,100,100
https://hamilton-exteriors-production.up.railway.app/service-areas/napa-county-ca/napa-ca/additions,91,96,100,100
https://hamilton-exteriors-production.up.railway.app/service-areas/napa-county-ca/napa-ca/adu,91,96,100,100
https://hamilton-exteriors-production.up.railway.app/service-areas/napa-county-ca/napa-ca/custom-homes,91,96,100,100
https://hamilton-exteriors-production.up.railway.app/service-areas/napa-county-ca/napa-ca/roofing,93,96,100,100
https://hamilton-exteriors-production.up.railway.app/service-areas/napa-county-ca/napa-ca/siding,91,96,100,100
https://hamilton-exteriors-production.up.railway.app/service-areas/napa-county-ca/napa-ca/windows,92,96,100,100
https://hamilton-exteriors-production.up.railway.app/service-areas/napa-county-ca/roofing,93,96,100,100
https://hamilton-exteriors-production.up.railway.app/service-areas/napa-county-ca/siding,91,96,100,100
https://hamilton-exteriors-production.up.railway.app/service-areas/napa-county-ca/st-helena-ca,97,100,100,100
https://hamilton-exteriors-production.up.railway.app/service-areas/napa-county-ca/st-helena-ca/additions,91,96,100,100
https://hamilton-exteriors-production.up.railway.app/service-areas/napa-county-ca/st-helena-ca/adu,93,96,100,100
https://hamilton-exteriors-production.up.railway.app/service-areas/napa-county-ca/st-helena-ca/custom-homes,90,96,100,100
https://hamilton-exteriors-production.up.railway.app/service-areas/napa-county-ca/st-helena-ca/roofing,92,96,100,100
https://hamilton-exteriors-production.up.railway.app/service-areas/napa-county-ca/st-helena-ca/siding,91,96,100,100
https://hamilton-exteriors-production.up.railway.app/service-areas/napa-county-ca/st-helena-ca/windows,91,96,100,100
https://hamilton-exteriors-production.up.railway.app/service-areas/napa-county-ca/windows,91,96,100,100
https://hamilton-exteriors-production.up.railway.app/service-areas/napa-county-ca/yountville-ca,96,100,100,100
https://hamilton-exteriors-production.up.railway.app/service-areas/napa-county-ca/yountville-ca/additions,91,96,100,100
https://hamilton-exteriors-production.up.railway.app/service-areas/napa-county-ca/yountville-ca/adu,91,96,100,100
https://hamilton-exteriors-production.up.railway.app/service-areas/napa-county-ca/yountville-ca/roofing,95,96,100,100
https://hamilton-exteriors-production.up.railway.app/service-areas/napa-county-ca/yountville-ca/custom-homes,91,96,100,100
https://hamilton-exteriors-production.up.railway.app/service-areas/napa-county-ca/yountville-ca/siding,91,96,100,100
https://hamilton-exteriors-production.up.railway.app/service-areas/napa-county-ca/yountville-ca/windows,91,96,100,100
https://hamilton-exteriors-production.up.railway.app/service-areas/santa-clara-county-ca,96,100,100,100
https://hamilton-exteriors-production.up.railway.app/service-areas/santa-clara-county-ca/additions,92,96,100,100
https://hamilton-exteriors-production.up.railway.app/service-areas/santa-clara-county-ca/adu,92,96,100,100
https://hamilton-exteriors-production.up.railway.app/service-areas/santa-clara-county-ca/campbell-ca,96,100,100,100
https://hamilton-exteriors-production.up.railway.app/service-areas/santa-clara-county-ca/campbell-ca/additions,91,96,100,100
https://hamilton-exteriors-production.up.railway.app/service-areas/santa-clara-county-ca/campbell-ca/adu,90,96,100,100
https://hamilton-exteriors-production.up.railway.app/service-areas/santa-clara-county-ca/campbell-ca/roofing,91,96,100,100
https://hamilton-exteriors-production.up.railway.app/service-areas/santa-clara-county-ca/campbell-ca/custom-homes,91,96,100,100
https://hamilton-exteriors-production.up.railway.app/service-areas/santa-clara-county-ca/campbell-ca/windows,91,96,100,100
https://hamilton-exteriors-production.up.railway.app/service-areas/santa-clara-county-ca/campbell-ca/siding,91,96,100,100
https://hamilton-exteriors-production.up.railway.app/service-areas/santa-clara-county-ca/cupertino-ca,96,100,100,100
https://hamilton-exteriors-production.up.railway.app/service-areas/santa-clara-county-ca/cupertino-ca/additions,91,96,100,100
https://hamilton-exteriors-production.up.railway.app/service-areas/santa-clara-county-ca/cupertino-ca/custom-homes,92,96,100,100
https://hamilton-exteriors-production.up.railway.app/service-areas/santa-clara-county-ca/cupertino-ca/adu,90,96,100,100
https://hamilton-exteriors-production.up.railway.app/service-areas/santa-clara-county-ca/cupertino-ca/siding,92,96,100,100
https://hamilton-exteriors-production.up.railway.app/service-areas/santa-clara-county-ca/cupertino-ca/roofing,91,96,100,100
https://hamilton-exteriors-production.up.railway.app/service-areas/santa-clara-county-ca/cupertino-ca/windows,91,96,100,100
https://hamilton-exteriors-production.up.railway.app/service-areas/santa-clara-county-ca/custom-homes,92,96,100,100
https://hamilton-exteriors-production.up.railway.app/service-areas/santa-clara-county-ca/los-gatos-ca,98,100,100,100
https://hamilton-exteriors-production.up.railway.app/service-areas/santa-clara-county-ca/los-gatos-ca/additions,91,96,100,100
https://hamilton-exteriors-production.up.railway.app/service-areas/santa-clara-county-ca/los-gatos-ca/adu,91,96,100,100
https://hamilton-exteriors-production.up.railway.app/service-areas/santa-clara-county-ca/los-gatos-ca/custom-homes,91,96,100,100
https://hamilton-exteriors-production.up.railway.app/service-areas/santa-clara-county-ca/los-gatos-ca/siding,93,96,100,100
https://hamilton-exteriors-production.up.railway.app/service-areas/santa-clara-county-ca/los-gatos-ca/roofing,91,96,100,100
https://hamilton-exteriors-production.up.railway.app/service-areas/santa-clara-county-ca/los-gatos-ca/windows,91,96,100,100
https://hamilton-exteriors-production.up.railway.app/service-areas/santa-clara-county-ca/milpitas-ca,99,100,100,100
https://hamilton-exteriors-production.up.railway.app/service-areas/santa-clara-county-ca/milpitas-ca/additions,91,96,100,100
https://hamilton-exteriors-production.up.railway.app/service-areas/santa-clara-county-ca/milpitas-ca/adu,91,96,100,100
https://hamilton-exteriors-production.up.railway.app/service-areas/santa-clara-county-ca/milpitas-ca/roofing,91,96,100,100
https://hamilton-exteriors-production.up.railway.app/service-areas/santa-clara-county-ca/milpitas-ca/custom-homes,92,96,100,100
https://hamilton-exteriors-production.up.railway.app/service-areas/santa-clara-county-ca/milpitas-ca/siding,90,96,100,100
https://hamilton-exteriors-production.up.railway.app/service-areas/santa-clara-county-ca/milpitas-ca/windows,92,96,100,100
https://hamilton-exteriors-production.up.railway.app/service-areas/santa-clara-county-ca/mountain-view-ca,96,100,100,100
https://hamilton-exteriors-production.up.railway.app/service-areas/santa-clara-county-ca/mountain-view-ca/additions,91,96,100,100
https://hamilton-exteriors-production.up.railway.app/service-areas/santa-clara-county-ca/mountain-view-ca/adu,90,96,100,100
https://hamilton-exteriors-production.up.railway.app/service-areas/santa-clara-county-ca/mountain-view-ca/custom-homes,93,96,100,100
https://hamilton-exteriors-production.up.railway.app/service-areas/santa-clara-county-ca/mountain-view-ca/roofing,92,96,100,100
https://hamilton-exteriors-production.up.railway.app/service-areas/santa-clara-county-ca/mountain-view-ca/siding,91,96,100,100
https://hamilton-exteriors-production.up.railway.app/service-areas/santa-clara-county-ca/mountain-view-ca/windows,91,96,100,100
https://hamilton-exteriors-production.up.railway.app/service-areas/santa-clara-county-ca/palo-alto-ca,96,100,100,100
https://hamilton-exteriors-production.up.railway.app/service-areas/santa-clara-county-ca/palo-alto-ca/additions,93,96,100,100
https://hamilton-exteriors-production.up.railway.app/service-areas/santa-clara-county-ca/palo-alto-ca/adu,90,96,100,100
https://hamilton-exteriors-production.up.railway.app/service-areas/santa-clara-county-ca/palo-alto-ca/custom-homes,92,96,100,100
https://hamilton-exteriors-production.up.railway.app/service-areas/santa-clara-county-ca/palo-alto-ca/roofing,94,96,100,100
https://hamilton-exteriors-production.up.railway.app/service-areas/santa-clara-county-ca/palo-alto-ca/siding,91,96,100,100
https://hamilton-exteriors-production.up.railway.app/service-areas/santa-clara-county-ca/palo-alto-ca/windows,92,96,100,100
https://hamilton-exteriors-production.up.railway.app/service-areas/santa-clara-county-ca/roofing,95,96,100,100
https://hamilton-exteriors-production.up.railway.app/service-areas/santa-clara-county-ca/san-jose-ca,97,100,100,100
https://hamilton-exteriors-production.up.railway.app/service-areas/santa-clara-county-ca/san-jose-ca/additions,91,96,100,100
https://hamilton-exteriors-production.up.railway.app/service-areas/santa-clara-county-ca/san-jose-ca/adu,91,96,100,100
https://hamilton-exteriors-production.up.railway.app/service-areas/santa-clara-county-ca/san-jose-ca/custom-homes,91,96,100,100
https://hamilton-exteriors-production.up.railway.app/service-areas/santa-clara-county-ca/san-jose-ca/roofing,92,96,100,100
https://hamilton-exteriors-production.up.railway.app/service-areas/santa-clara-county-ca/san-jose-ca/siding,94,96,100,100
https://hamilton-exteriors-production.up.railway.app/service-areas/santa-clara-county-ca/san-jose-ca/windows,91,96,100,100
https://hamilton-exteriors-production.up.railway.app/service-areas/santa-clara-county-ca/santa-clara-ca,99,100,100,100
https://hamilton-exteriors-production.up.railway.app/service-areas/santa-clara-county-ca/santa-clara-ca/additions,91,96,100,100
https://hamilton-exteriors-production.up.railway.app/service-areas/santa-clara-county-ca/santa-clara-ca/adu,91,96,100,100
https://hamilton-exteriors-production.up.railway.app/service-areas/santa-clara-county-ca/santa-clara-ca/custom-homes,94,96,100,100
https://hamilton-exteriors-production.up.railway.app/service-areas/santa-clara-county-ca/santa-clara-ca/roofing,91,96,100,100
https://hamilton-exteriors-production.up.railway.app/service-areas/santa-clara-county-ca/santa-clara-ca/siding,98,96,100,100
https://hamilton-exteriors-production.up.railway.app/service-areas/santa-clara-county-ca/santa-clara-ca/windows,92,96,100,100
https://hamilton-exteriors-production.up.railway.app/service-areas/santa-clara-county-ca/saratoga-ca,96,100,100,100
https://hamilton-exteriors-production.up.railway.app/service-areas/santa-clara-county-ca/saratoga-ca/additions,93,96,100,100
https://hamilton-exteriors-production.up.railway.app/service-areas/santa-clara-county-ca/saratoga-ca/adu,91,96,100,100
https://hamilton-exteriors-production.up.railway.app/service-areas/santa-clara-county-ca/saratoga-ca/custom-homes,90,96,100,100
https://hamilton-exteriors-production.up.railway.app/service-areas/santa-clara-county-ca/saratoga-ca/roofing,91,96,100,100
https://hamilton-exteriors-production.up.railway.app/service-areas/santa-clara-county-ca/saratoga-ca/siding,91,96,100,100
https://hamilton-exteriors-production.up.railway.app/service-areas/santa-clara-county-ca/saratoga-ca/windows,90,96,100,100
https://hamilton-exteriors-production.up.railway.app/service-areas/santa-clara-county-ca/siding,91,96,100,100
https://hamilton-exteriors-production.up.railway.app/service-areas/santa-clara-county-ca/sunnyvale-ca,98,100,100,100
https://hamilton-exteriors-production.up.railway.app/service-areas/santa-clara-county-ca/sunnyvale-ca/additions,93,96,100,100
https://hamilton-exteriors-production.up.railway.app/service-areas/santa-clara-county-ca/sunnyvale-ca/adu,90,96,100,100
https://hamilton-exteriors-production.up.railway.app/service-areas/santa-clara-county-ca/sunnyvale-ca/custom-homes,91,96,100,100
https://hamilton-exteriors-production.up.railway.app/service-areas/santa-clara-county-ca/sunnyvale-ca/roofing,91,96,100,100
https://hamilton-exteriors-production.up.railway.app/siding,94,97,100,100
https://hamilton-exteriors-production.up.railway.app/windows,97,97,100,100
https://hamilton-exteriors-production.up.railway.app/service-areas/santa-clara-county-ca/sunnyvale-ca/siding,92,96,100,100
https://hamilton-exteriors-production.up.railway.app/service-areas/santa-clara-county-ca/sunnyvale-ca/windows,92,96,100,100
https://hamilton-exteriors-production.up.railway.app/service-areas/santa-clara-county-ca/windows,91,96,100,100
